{"scene-0061": [0.9042483660130719, 0.9265498652291105, 0.9543112332531776, 0.9388260254596889, 0.9438318401102688, 0.9386973180076629, 0.9407591344448386, 0.9323120769504809, 0.9413020277481323, 0.9422875131164743, 0.9415184678522572, 0.9409517193469955, 0.9267881241565452, 0.9399070385126163, 0.9137603043753963, 0.9165659008464329, 0.8387192410317225, 0.8088902328394315, 0.8222975053895903, 0.9066834804539723, 0.9197773411918795, 0.9176356589147286, 0.924227952881248, 0.9280483922317733, 0.9290240811153359, 0.9080385852090033, 0.9011780104712042, 0.9046233430326543, 0.9142857142857143, 0.8964736331284374, 0.8982016698779705, 0.8777498428661219, 0.8492575855390575, 0.8354186717998076, 0.8555770470664088, 0.9012707722385142, 0.9186009538950716, 0.8931419457735247, 0.9219543147208121], "scene-0103": [0.9523169912693082, 0.9536489151873767, 0.961963589076723, 0.9650485436893204, 0.9614253023864008, 0.9759506012349691, 0.982992125984252, 0.9792927683975788, 0.9826530612244898, 0.9737015121630507, 0.9798012183392113, 0.9786614936954413, 0.9701888042398145, 0.9629139072847682, 0.9508468947193623, 0.9419795221843004, 0.9467976956963741, 0.9431972789115646, 0.947923757658271, 0.9465855307640297, 0.9511542321846771, 0.9515698062792252, 0.9496940856560163, 0.9460997656511551, 0.9545300305395318, 0.9573669849931787, 0.9488339714584059, 0.9477031802120142, 0.9556437071763433, 0.9538072897870805, 0.9662234998203377, 0.951193444959031, 0.9550601556970983, 0.9746478873239437, 0.9706920903954802, 0.9742397137745975, 0.9676025917926566, 0.9656446250461765, 0.9551635428151415, 0.982122905027933], "scene-0553": [0.9762624082865775, 0.9776055124892334, 0.9801381692573402, 0.9759139784946237, 0.980836236933798, 0.9776919776919777, 0.9698795180722891, 0.9660152931180969, 0.9622563251762754, 0.9678765123070505, 0.9484787018255578, 0.9359780047132757, 0.9860668789808917, 0.9706242350061199, 0.9653202774377805, 0.9696717906107187, 0.9347377116893846, 0.9621052631578947, 0.9659335920655455, 0.9619921363040629, 0.943502824858757, 0.9542116630669546, 0.947871416159861, 0.9569798068481123, 0.9419467481449149, 0.9480633802816901, 0.927599824484423, 0.95075421472937, 0.9479440069991251, 0.9609477841158403, 0.9547069271758437, 0.9664429530201343, 0.9602473498233216, 0.9627029398859148, 0.959825327510917, 0.9598603839441536, 0.9705105633802817, 0.9760244115082825, 0.9816192560175054, 0.9813772195755739, 0.9764808362369338], "scene-0655": [0.9714385231626611, 0.9642474079370754, 0.965396714435512, 0.9618188129121833, 0.9663661581137309, 0.9612456747404844, 0.9553288779458319, 0.9573629523468291, 0.9466714387974231, 0.9669156883671292, 0.9628695025234318, 0.9607708189951824, 0.9656929347826086, 0.9524124256444151, 0.9636898920510304, 0.9682325109834403, 0.9693593314763231, 0.9502487562189055, 0.9696521095484826, 0.9578682030968672, 0.9575521754510081, 0.9495652173913044, 0.9461746784021665, 0.946793997271487, 0.9492063492063492, 0.9491007804546997, 0.9512704490080056, 0.9307639836289222, 0.9498018494055482, 0.9312292358803986, 0.9319773257752584, 0.9357674104124408, 0.9412768863093206, 0.9402782490668476, 0.9363606231355651, 0.9414088215931534, 0.9319858838626884, 0.9059801726894787, 0.8896751366999035, 0.878738621586476, 0.8666666666666667], "scene-0757": [0.9400773195876289, 0.9614512471655329, 0.9653934051583415, 0.9533462033462033, 0.9606376057254392, 0.9695891297314785, 0.96759410801964, 0.9684563758389262, 0.9661290322580646, 0.9719264278799613, 0.9762733312242962, 0.9822208359326263, 0.9820754716981132, 0.9882539682539683, 0.9836477987421384, 0.9903336451512317, 0.9834736513875897, 0.9925373134328358, 0.9906367041198502, 0.9809463321689426, 0.9809946151409566, 0.9772583701831965, 0.9899420908259677, 0.9762351469668543, 0.9872894820463934, 0.9854614412136536, 0.9719419924337958, 0.9855934857500783, 0.9687703318152244, 0.9719656992084432, 0.982090524259199, 0.9752120026092629, 0.9768201110022854, 0.9836921069797782, 0.9913350449293966, 0.9883870967741936, 0.9964709656721207, 0.9875816993464053, 0.9758169934640523, 0.9786476868327402, 0.9860627177700348], "scene-0796": [0.9427758457160923, 0.9070136464614408, 0.8902208201892744, 0.9280442804428044, 0.9252944823310602, 0.9118569636135508, 0.9142587939698492, 0.9065391733497841, 0.9162805066419524, 0.8714017521902377, 0.8866900734120651, 0.8662504107788367, 0.9071903706050047, 0.8903810118675828, 0.9253205128205129, 0.9152433129229778, 0.9614886731391585, 0.9501639344262295, 0.9664931685100846, 0.9543963254593176, 0.9612179487179487, 0.9392446633825944, 0.9525916561314791, 0.9574808184143222, 0.9566055930568949, 0.9573415765069552, 0.9630214917825537, 0.9049241251161351, 0.9040342298288508, 0.87392, 0.8743961352657005, 0.9040829552819183, 0.8930412371134021, 0.9275960622419815, 0.9273531269740998, 0.9110085695451549, 0.9366013071895425, 0.926510989010989, 0.8827306522473809, 0.9324737020699015], "scene-0916": [0.9558385261446762, 0.924404272801972, 0.943301834352418, 0.8935872304676561, 0.8808275058275058, 0.9317985611510792, 0.9391812865497076, 0.9273743016759777, 0.8913551401869159, 0.9138282387190684, 0.8804957214517557, 0.8678518518518519, 0.9078245406046236, 0.8675496688741722, 0.9179170344218888, 0.9181163767246551, 0.8958460598656078, 0.8870917573872473, 0.9142857142857143, 0.9343516412089697, 0.9052276559865092, 0.9121311475409836, 0.8995403808273145, 0.8787289234760052, 0.9027867790019443, 0.9131853785900783, 0.9153370237707588, 0.9064841968067775, 0.9075049374588545, 0.9074478030539109, 0.9033445842282909, 0.9202546998180715, 0.9145454545454546, 0.9059316956261234, 0.874447391688771, 0.8568883610451307, 0.8693364513300205, 0.8587587006960556, 0.8372379778051788, 0.8569157392686805, 0.8845780795344326], "scene-1077": [0.9463161791928916, 0.9396164830681355, 0.9373275522270398, 0.7878095238095238, 0.805703422053232, 0.42862523540489644, 0.72928383952006, 0.7677373808683374, 0.6617954070981211, 0.8750823994726433, 0.8693548387096774, 0.7835796387520525, 0.8605486610058785, 0.7663920922570017, 0.8452459016393442, 0.8891331658291457, 0.8991782553729456, 0.8946708463949843, 0.8655948553054662, 0.9070984625449787, 0.8167224080267559, 0.7816532961283572, 0.8209471137227792, 0.8604143947655398, 0.8804146612365791, 0.8375092114959469, 0.8861756597085467, 0.9051819184123484, 0.8702898550724638, 0.8933426280934124, 0.8886986301369864, 0.9194390084801044, 0.8987854251012146, 0.9183796856106409, 0.8926194797338173, 0.8930416286842905, 0.786472550803761, 0.8204193254329991, 0.8377952755905512, 0.8235294117647058, 0.8351579605880513], "scene-1094": [0.9199774584389969, 0.9209563994374121, 0.9321317938608843, 0.9198547891650377, 0.9342032204330927, 0.9487034949267192, 0.9627984453081622, 0.9611201740076128, 0.9561162918266594, 0.9585635359116023, 0.9660356347438753, 0.9682495082888452, 0.9547337278106509, 0.9564256394063783, 0.9405837387074357, 0.8673835125448028, 0.8396670285921101, 0.8261964735516373, 0.8327272727272728, 0.8317923186344239, 0.8664752333094041, 0.8595281306715064, 0.8114466292134831, 0.8684830137907837, 0.8616841393304024, 0.8554913294797688, 0.8666219839142091, 0.8513109857285098, 0.8570948217888366, 0.8695795006570303, 0.8575121163166397, 0.8604802076573653, 0.8398528920093614, 0.8507313829787234, 0.8916169764994739, 0.8746003552397869, 0.8160204828090709, 0.8584202682563339, 0.8224191063174114, 0.8413845568657284],